{"cameraMode":{"drawMode":0,"name":"Shaded","section":"Shading Mode"},"sceneLighting":true,"audioPlay":false,"sceneViewState":{"m_AlwaysRefresh":false,"showFog":true,"showSkybox":true,"showFlares":true,"showImageEffects":true,"showParticleSystems":true,"showVisualEffectGraphs":true,"m_FxEnabled":true},"in2DMode":false,"pivot":{"x":5.499245643615723,"y":2.2169876098632814,"z":0.47701168060302737},"rotation":{"x":0.3147948086261749,"y":-0.41363632678985598,"z":0.1549919992685318,"w":0.8401535749435425},"size":9.993245124816895,"orthographic":false}