{"cameraMode":{"drawMode":0,"name":"Shaded","section":"Shading Mode"},"sceneLighting":true,"audioPlay":false,"sceneViewState":{"m_AlwaysRefresh":false,"showFog":true,"showSkybox":true,"showFlares":true,"showImageEffects":true,"showParticleSystems":true,"showVisualEffectGraphs":true,"m_FxEnabled":true},"in2DMode":false,"pivot":{"x":-0.1297251582145691,"y":1.8170939683914185,"z":1.6673080921173096},"rotation":{"x":-0.19259300827980042,"y":0.5027313828468323,"z":-0.11610574275255203,"w":-0.8347460627555847},"size":4.670591831207275,"orthographic":false}